City_ID,City,Country,Date,Lat,Lng,Max Temp,Humidity,Cloudiness,Wind Speed
0,Vaini,TO,2022-02-02 02:56:43,-21.2,-175.2,86.16,70,40,10.36
1,Albany,US,2022-02-02 02:57:42,42.6001,-73.9662,29.05,71,100,3.0
2,Ushuaia,AR,2022-02-02 02:57:43,-54.8,-68.3,42.46,65,40,37.98
3,Brenham,US,2022-02-02 02:57:43,30.1669,-96.3977,60.98,87,100,0.0
4,Port Alfred,ZA,2022-02-02 02:54:12,-33.5906,26.891,77.49,74,100,7.18
5,Vigrestad,NO,2022-02-02 02:57:44,58.5667,5.7,39.58,74,36,34.23
6,Odienne,CI,2022-02-02 02:57:44,9.51,-7.5692,69.75,18,61,4.21
7,Baiyin,CN,2022-02-02 02:57:44,36.5583,104.2081,16.68,40,97,2.62
8,Saldanha,ZA,2022-02-02 02:57:44,-33.0117,17.9442,66.25,96,78,12.19
9,Saint George,US,2022-02-02 02:53:13,37.1041,-113.5841,43.39,24,0,1.99
10,Big Spring,US,2022-02-02 02:57:45,32.2504,-101.4787,53.08,32,0,1.99
11,Vardo,NO,2022-02-02 02:57:45,70.3705,31.1107,29.43,65,100,16.08
12,Atuona,PF,2022-02-02 02:55:25,-9.8,-139.0333,78.8,74,7,17.69
13,Saint-Honore,CA,2022-02-02 02:57:46,48.5334,-71.0824,14.29,74,100,10.36
14,Avarua,CK,2022-02-02 02:57:46,-21.2078,-159.775,82.45,78,75,12.66
15,Mana,GF,2022-02-02 02:57:46,5.6592,-53.7767,77.59,81,75,11.05
16,Kavieng,PG,2022-02-02 02:57:47,-2.5744,150.7967,82.31,72,100,6.91
17,Carnarvon,AU,2022-02-02 02:57:47,-24.8667,113.6333,84.27,70,99,14.97
18,Vanersborg,SE,2022-02-02 02:57:47,58.3807,12.3234,29.91,86,100,9.22
19,Muros,ES,2022-02-02 02:57:48,42.7762,-9.0603,48.7,87,0,5.61
20,Umarkot,PK,2022-02-02 02:57:48,25.3616,69.7362,66.2,60,15,10.42
21,Kapaa,US,2022-02-02 02:55:38,22.0752,-159.319,77.11,59,12,1.99
22,Bredasdorp,ZA,2022-02-02 02:57:48,-34.5322,20.0403,71.73,80,8,4.03
23,Yellowknife,CA,2022-02-02 02:57:49,62.456,-114.3525,-28.59,87,0,5.75
24,Thompson,CA,2022-02-02 02:54:12,55.7435,-97.8558,-23.64,69,0,6.91
25,Castro,BR,2022-02-02 02:57:49,-24.7911,-50.0119,62.37,96,74,5.21
26,Bluff,NZ,2022-02-02 02:57:49,-46.6,168.3333,71.8,85,89,10.56
27,Dingle,PH,2022-02-02 02:57:50,10.9995,122.6711,83.62,68,100,12.73
28,Rikitea,PF,2022-02-02 02:57:50,-23.1203,-134.9692,78.4,69,90,4.99
29,San Vicente,AR,2022-02-02 02:57:51,-26.6167,-54.1333,68.11,45,0,2.35
30,Nikolskoye,RU,2022-02-02 02:57:51,59.7035,30.7861,22.89,97,99,2.39
31,Vila,PT,2022-02-02 02:57:51,42.0304,-8.1588,40.08,75,0,4.21
32,San Jose,US,2022-02-02 02:57:22,37.3394,-121.895,58.24,37,0,1.01
33,Hithadhoo,MV,2022-02-02 02:57:52,-0.6,73.0833,82.69,70,11,12.03
34,Ribeira Grande,PT,2022-02-02 02:54:16,38.5167,-28.7,59.49,73,53,12.64
35,Arraial Do Cabo,BR,2022-02-02 02:57:52,-22.9661,-42.0278,75.63,88,100,8.88
36,Punta Arenas,CL,2022-02-02 02:56:51,-53.15,-70.9167,46.51,61,40,24.16
37,Maceio,BR,2022-02-02 02:57:53,-9.6658,-35.7353,78.24,88,40,2.3
38,Lompoc,US,2022-02-02 02:57:36,34.6391,-120.4579,57.13,51,0,25.01
39,Mount Gambier,AU,2022-02-02 02:57:53,-37.8333,140.7667,64.31,45,100,13.8
40,Norman Wells,CA,2022-02-02 02:57:54,65.282,-126.8329,-29.16,68,20,2.3
41,Walvis Bay,NA,2022-02-02 02:57:54,-22.9575,14.5053,66.09,89,11,2.06
42,Edmundston,CA,2022-02-02 02:57:54,47.3737,-68.3251,6.75,60,100,8.37
43,Tuatapere,NZ,2022-02-02 02:57:54,-46.1333,167.6833,71.82,93,91,5.35
44,Mataura,NZ,2022-02-02 02:54:13,-46.1927,168.8643,71.47,45,98,8.75
45,Cidreira,BR,2022-02-02 02:57:55,-30.1811,-50.2056,72.77,75,0,13.82
46,Oistins,BB,2022-02-02 02:58:55,13.0667,-59.5333,78.89,78,40,14.97
47,Uusikaupunki,FI,2022-02-02 02:58:56,60.8004,21.4084,10.92,96,100,3.96
48,Mastic Beach,US,2022-02-02 02:58:56,40.7668,-72.8521,35.42,80,100,5.99
49,Talnakh,RU,2022-02-02 02:58:56,69.4865,88.3972,2.21,95,100,7.29
50,Igarka,RU,2022-02-02 02:58:57,67.4667,86.5833,4.78,96,99,9.28
51,Pangody,RU,2022-02-02 02:58:57,65.85,74.4859,-16.6,100,94,6.91
52,Butaritari,KI,2022-02-02 02:54:19,3.0707,172.7902,82.36,76,19,13.42
53,Jamestown,US,2022-02-02 02:54:17,42.097,-79.2353,34.52,50,0,5.01
54,Qaqortoq,GL,2022-02-02 02:58:57,60.7167,-46.0333,-5.76,90,8,4.81
55,Dikson,RU,2022-02-02 02:58:58,73.5069,80.5464,1.71,93,100,16.26
56,Ambovombe,MG,2022-02-02 02:58:58,-25.1667,46.0833,71.1,86,0,9.95
57,Haverfordwest,GB,2022-02-02 02:58:58,51.8017,-4.9691,49.05,83,97,5.01
58,Barrow,US,2022-02-02 02:58:59,71.2906,-156.7887,-23.57,100,16,7.25
59,Kalmunai,LK,2022-02-02 02:58:59,7.4167,81.8167,75.92,72,5,2.8
60,Lianran,CN,2022-02-02 02:58:59,24.9227,102.485,34.34,60,26,7.58
61,Broken Hill,AU,2022-02-02 02:59:00,-31.95,141.4333,65.91,39,99,21.85
62,Hilo,US,2022-02-02 02:59:00,19.7297,-155.09,75.25,86,75,6.91
63,Berlevag,NO,2022-02-02 02:59:00,70.8578,29.0864,21.78,74,76,6.85
64,Waipawa,NZ,2022-02-02 02:59:01,-41.4122,175.5153,72.45,46,71,9.22
65,Pevek,RU,2022-02-02 02:59:01,69.7008,170.3133,-6.43,79,100,2.98
66,Cabo San Lucas,MX,2022-02-02 02:56:44,22.8909,-109.9124,69.51,62,0,4.0
67,Mahebourg,MU,2022-02-02 02:59:02,-20.4081,57.7,81.25,94,75,26.46
68,Bilibino,RU,2022-02-02 02:59:02,68.0546,166.4372,5.59,59,100,6.53
69,Faanui,PF,2022-02-02 02:54:11,-16.4833,-151.75,81.12,76,10,19.53
70,Roald,NO,2022-02-02 02:59:02,62.5833,6.1333,36.0,93,75,17.27
71,Ponta Do Sol,PT,2022-02-02 02:54:19,32.6667,-17.1,66.0,78,100,13.11
72,Nizwa,OM,2022-02-02 02:58:13,22.9333,57.5333,65.1,30,16,2.26
73,Malanje,AO,2022-02-02 02:59:03,-9.5402,16.341,60.51,97,83,3.8
74,Pimenta Bueno,BR,2022-02-02 02:59:03,-11.6725,-61.1936,71.53,95,62,1.36
75,Kodiak,US,2022-02-02 02:59:03,57.79,-152.4072,35.71,98,100,8.39
76,Talara,PE,2022-02-02 02:59:04,-4.5772,-81.2719,72.12,81,24,8.16
77,Sao Filipe,CV,2022-02-02 02:59:04,14.8961,-24.4956,72.95,78,10,13.89
78,Akureyri,IS,2022-02-02 02:59:05,65.6835,-18.0878,8.53,92,0,3.44
79,Luba,GQ,2022-02-02 02:59:05,3.4568,8.5547,76.89,80,34,5.61
80,Hermanus,ZA,2022-02-02 02:59:05,-34.4187,19.2345,67.89,85,2,4.45
81,Inta,RU,2022-02-02 02:59:06,66.0317,60.1659,2.8,84,98,8.57
82,Okhotsk,RU,2022-02-02 02:59:06,59.3833,143.3,2.19,76,15,17.52
83,Flinders,AU,2022-02-02 02:59:06,-34.5833,150.8552,71.2,79,100,12.86
84,Victoria,HK,2022-02-02 02:56:59,22.2855,114.1577,61.25,90,100,3.0
85,Harper,LR,2022-02-02 02:59:07,4.375,-7.7169,78.1,81,100,3.13
86,Kharan,PK,2022-02-02 02:59:07,28.5833,65.4167,58.42,30,2,1.7
87,Port-Cartier,CA,2022-02-02 02:59:08,50.0334,-66.8654,1.74,92,100,2.51
88,Cape Town,ZA,2022-02-02 02:55:28,-33.9258,18.4232,68.11,84,75,1.99
89,Catamarca,AR,2022-02-02 02:59:08,-28.4696,-65.7852,85.77,43,100,3.0
90,Hamilton,US,2022-02-02 02:56:38,39.1834,-84.5333,49.41,58,99,8.23
91,Port Blair,IN,2022-02-02 02:59:09,11.6667,92.75,78.84,78,20,2.3
92,Samarai,PG,2022-02-02 03:00:13,-10.6167,150.6667,84.2,69,100,9.42
93,Fereydun Kenar,IR,2022-02-02 03:00:15,36.6864,52.5225,49.5,57,0,7.36
94,Nokaneng,BW,2022-02-02 03:00:17,-19.6667,22.2667,66.96,91,67,6.2
95,Severomuysk,RU,2022-02-02 03:00:19,56.1481,113.4267,-15.66,96,75,4.21
96,Marienburg,PL,2022-02-02 02:58:06,54.0359,19.0266,35.89,98,100,10.51
97,Asau,RO,2022-02-02 03:00:21,46.4333,26.4,25.75,91,91,6.04
98,Upernavik,GL,2022-02-02 03:00:21,72.7868,-56.1549,-13.68,74,100,5.57
99,Curup,ID,2022-02-02 03:00:22,-3.4667,102.5333,68.58,90,100,1.7
100,Chuy,UY,2022-02-02 03:00:23,-33.6971,-53.4616,62.06,77,0,6.67
101,Dromolaxia,CY,2022-02-02 03:00:23,34.8761,33.586,59.67,72,40,9.22
102,Viedma,AR,2022-02-02 03:00:24,-40.8135,-62.9967,68.67,55,100,15.12
103,Belmonte,BR,2022-02-02 03:00:25,-15.8631,-38.8828,78.39,84,5,6.87
104,Cap Malheureux,MU,2022-02-02 03:00:26,-19.9842,57.6142,81.46,81,100,18.01
105,Hobart,AU,2022-02-02 02:59:34,-42.8794,147.3294,64.26,39,75,6.91
106,Thoen,TH,2022-02-02 03:00:26,17.6129,99.2161,84.56,25,11,1.61
107,Stornoway,GB,2022-02-02 03:00:27,58.2093,-6.3865,43.93,91,75,1.99
108,Lasa,IT,2022-02-02 03:00:27,46.6166,10.7002,38.14,93,100,9.04
109,Zhigansk,RU,2022-02-02 03:00:28,66.7697,123.3711,-25.1,98,87,8.39
110,Saskylakh,RU,2022-02-02 03:00:28,71.9167,114.0833,-28.57,100,44,1.88
111,Vao,NC,2022-02-02 03:00:29,-22.6667,167.4833,78.42,84,92,19.3
112,Saint-Francois,FR,2022-02-02 03:00:29,46.4154,3.9054,45.68,99,100,8.05
113,Yangjiang,CN,2022-02-02 03:00:30,21.85,111.9667,54.95,87,100,10.25
114,Gazojak,TM,2022-02-02 03:00:31,41.1875,61.4036,33.28,80,24,8.46
115,Tiksi,RU,2022-02-02 03:00:31,71.6872,128.8694,-8.73,96,100,7.58
116,Tomatlan,MX,2022-02-02 02:58:07,19.9333,-105.25,63.64,77,0,2.46
117,Severo-Kurilsk,RU,2022-02-02 03:00:32,50.6789,156.125,31.17,74,100,10.96
118,New Norfolk,AU,2022-02-02 03:00:33,-42.7826,147.0587,63.9,42,83,3.0
119,Provideniya,RU,2022-02-02 02:55:48,64.3833,-173.3,15.91,62,20,29.08
120,Codrington,AU,2022-02-02 02:58:12,-38.2667,141.9667,61.11,53,100,14.18
121,San Patricio,US,2022-02-02 03:00:33,28.017,-97.5169,61.84,82,13,7.63
122,Yuli,NG,2022-02-02 03:00:34,9.6989,10.2744,61.48,23,2,5.82
123,Chokurdakh,RU,2022-02-02 03:00:34,70.6333,147.9167,-8.91,94,100,7.0
124,Busselton,AU,2022-02-02 03:00:35,-33.65,115.3333,79.05,36,48,12.91
125,Caravelas,BR,2022-02-02 03:00:35,-17.7125,-39.2481,76.55,94,75,7.45
126,Nadym,RU,2022-02-02 03:00:36,65.5333,72.5167,-15.79,100,81,7.65
127,Aklavik,CA,2022-02-02 02:56:40,68.2191,-135.0107,-15.77,100,96,4.27
128,Fort Frances,CA,2022-02-02 03:00:36,48.5999,-93.4003,0.05,79,100,5.99
129,Buchanan,LR,2022-02-02 03:00:37,5.8808,-10.0467,77.81,84,98,3.04
130,Bemidji,US,2022-02-02 03:00:37,47.4736,-94.8803,0.91,78,0,19.57
131,Itaituba,BR,2022-02-02 03:00:38,-4.2761,-55.9836,74.8,84,92,2.04
132,Esperance,AU,2022-02-02 03:00:38,-33.8667,121.9,71.17,46,21,19.24
133,Bani Walid,LY,2022-02-02 03:00:39,31.7566,13.9942,47.12,67,7,18.75
134,Lagoa,PT,2022-02-02 03:00:39,39.05,-27.9833,58.93,72,11,14.27
135,Chapleau,CA,2022-02-02 03:00:11,47.8405,-83.4034,21.72,87,100,14.74
136,Daru,PG,2022-02-02 03:01:40,-9.0763,143.2092,74.59,91,100,11.1
137,Puerto Ayora,EC,2022-02-02 03:01:10,-0.7393,-90.3518,74.55,96,100,5.01
138,Inirida,CO,2022-02-02 03:01:40,3.8653,-67.9239,76.23,63,25,0.47
139,Kamina,CD,2022-02-02 03:01:40,-8.7386,24.9906,64.54,98,100,3.38
140,Redlands,US,2022-02-02 02:59:13,34.0556,-117.1825,56.26,66,2,7.34
141,Andenes,NO,2022-02-02 03:01:41,69.3143,16.1194,24.78,58,77,16.11
142,Kula,TR,2022-02-02 03:01:41,38.5473,28.6498,39.67,86,100,14.0
143,Mount Isa,AU,2022-02-02 03:01:42,-20.7333,139.5,91.17,49,100,10.36
144,Dhidhdhoo,MV,2022-02-02 03:01:42,6.8833,73.1,81.48,74,3,12.19
145,Rorvik,NO,2022-02-02 03:01:43,64.8621,11.2373,22.64,66,95,17.81
146,Itarema,BR,2022-02-02 03:01:43,-2.9248,-39.9167,76.93,86,89,9.62
147,Nanortalik,GL,2022-02-02 03:01:43,60.1432,-45.2371,7.34,67,41,15.77
148,Praia Da Vitoria,PT,2022-02-02 03:01:44,38.7333,-27.0667,57.76,86,43,12.82
149,Magdalena,PH,2022-02-02 03:01:44,14.1999,121.429,83.19,71,98,12.21
150,Matara,LK,2022-02-02 03:01:44,5.9485,80.5353,77.0,68,19,10.67
151,Kununurra,AU,2022-02-02 02:57:15,-15.7667,128.7333,87.78,62,100,17.27
152,Khandyga,RU,2022-02-02 03:01:45,62.6667,135.6,-22.02,93,100,1.52
153,Huarmey,PE,2022-02-02 03:01:45,-10.0681,-78.1522,71.53,79,84,8.77
154,Hobyo,SO,2022-02-02 03:01:45,5.3505,48.5268,77.31,78,100,17.9
155,Limbuhan,PH,2022-02-02 03:01:46,11.8838,124.0501,80.49,78,91,11.21
156,Muriwai Beach,NZ,2022-02-02 03:01:46,-36.8167,174.45,77.77,65,100,14.09
157,Makakilo City,US,2022-02-02 02:59:08,21.3469,-158.0858,78.57,60,8,16.31
158,Torbay,CA,2022-02-02 03:01:46,47.6666,-52.7314,18.57,71,34,3.0
159,Lewisporte,CA,2022-02-02 03:01:47,49.2499,-55.0482,10.13,78,52,6.87
160,Canto Do Buriti,BR,2022-02-02 03:01:47,-8.11,-42.9444,76.44,57,54,2.15
161,Necochea,AR,2022-02-02 02:59:08,-38.5473,-58.7368,60.04,76,67,6.11
162,Ancud,CL,2022-02-02 03:01:47,-41.8697,-73.8203,59.23,93,100,3.67
163,Znamenskoye,RU,2022-02-02 03:01:48,57.1281,73.8282,1.56,99,96,4.47
164,Cervo,ES,2022-02-02 03:01:48,43.6702,-7.4101,46.44,87,3,7.2
165,Byron Bay,AU,2022-02-02 03:01:49,-28.65,153.6167,86.7,75,100,3.22
166,Kaitangata,NZ,2022-02-02 03:01:49,-46.2817,169.8464,80.2,51,94,8.52
167,Avera,US,2022-02-02 02:58:00,33.194,-82.5271,51.31,64,21,9.62
168,Trapani,IT,2022-02-02 03:01:12,37.8333,12.6667,51.98,67,6,13.09
169,Halifax,CA,2022-02-02 02:59:50,44.6453,-63.5724,19.22,77,24,8.05
170,Smithers,CA,2022-02-02 03:00:10,54.7804,-127.1743,13.8,96,100,1.48
171,Port Hedland,AU,2022-02-02 03:01:50,-20.3167,118.5667,87.85,70,100,8.05
172,Ust-Nera,RU,2022-02-02 03:01:50,64.5667,143.2,0.01,97,100,3.33
173,Aksarka,RU,2022-02-02 03:01:50,66.5606,67.7975,-19.35,100,89,6.67
174,Novo Aripuana,BR,2022-02-02 03:01:51,-5.1206,-60.3797,73.49,98,100,2.35
175,Vanimo,PG,2022-02-02 03:01:51,-2.6741,141.3028,82.0,78,82,4.41
176,Bengkulu,ID,2022-02-02 03:01:51,-3.8004,102.2655,75.76,77,100,5.64
177,Morant Bay,JM,2022-02-02 03:01:52,17.8815,-76.4093,70.66,84,10,9.31
178,Sitka,US,2022-02-02 03:01:52,57.0531,-135.33,30.09,80,100,19.57
179,Coihueco,CL,2022-02-02 03:01:53,-36.6167,-71.8333,58.84,59,0,1.88
180,Celestun,MX,2022-02-02 03:01:53,20.8667,-90.4,76.08,70,27,12.35
181,Cherskiy,RU,2022-02-02 03:01:53,68.75,161.3,9.99,68,100,4.12
182,Northam,GB,2022-02-02 03:01:54,51.0333,-4.2167,49.6,90,100,16.04
183,Meridian,US,2022-02-02 03:02:05,43.6121,-116.3915,32.16,73,100,0.0
184,Tuktoyaktuk,CA,2022-02-02 03:02:54,69.4541,-133.0374,-26.34,100,100,4.79
185,Sao Felix Do Xingu,BR,2022-02-02 03:02:55,-6.6447,-51.995,70.99,98,99,1.32
186,Oga,IT,2022-02-02 03:02:55,46.4631,10.347,32.68,92,100,7.16
187,Khatanga,RU,2022-02-02 03:02:55,71.9667,102.5,-38.04,99,28,2.3
188,Upata,VE,2022-02-02 03:02:56,8.0086,-62.3989,73.18,84,8,6.2
189,Plettenberg Bay,ZA,2022-02-02 03:02:56,-34.0527,23.3716,73.26,85,100,1.68
190,Qaanaaq,GL,2022-02-02 03:02:56,77.484,-69.3632,-19.61,65,100,11.41
191,Tenali,IN,2022-02-02 03:02:57,16.2425,80.6398,71.69,73,82,2.3
192,Langarud,IR,2022-02-02 03:02:57,37.197,50.1535,47.59,55,1,3.87
193,Kahului,US,2022-02-02 03:02:58,20.8947,-156.47,80.62,63,20,17.27
194,Port Elizabeth,ZA,2022-02-02 03:02:58,-33.918,25.5701,73.09,75,100,3.98
195,Vallenar,CL,2022-02-02 03:00:26,-28.5708,-70.7581,66.31,64,0,3.58
196,Cayenne,GF,2022-02-02 03:02:58,4.9333,-52.3333,75.09,91,100,0.0
197,Gweta,BW,2022-02-02 03:02:59,-20.1833,25.2333,69.19,86,1,7.38
198,Geraldton,AU,2022-02-02 03:02:59,-28.7667,114.6,100.81,17,0,28.77
199,Cumberland,US,2022-02-02 03:01:24,35.0502,-78.8664,41.86,72,0,5.75
200,Hasaki,JP,2022-02-02 03:03:00,35.7333,140.8333,50.29,32,0,24.32
201,Souillac,MU,2022-02-02 03:03:00,-20.5167,57.5167,81.36,92,100,29.48
202,Harindanga,IN,2022-02-02 03:03:00,22.0383,88.3214,66.18,56,3,5.32
203,Georgetown,MY,2022-02-02 03:00:10,5.4112,100.3354,86.9,70,20,4.61
204,Estacion Coahuila,MX,2022-02-02 03:03:01,32.1939,-115.0017,64.94,21,93,7.99
205,Steinau,DE,2022-02-02 03:03:01,53.6833,8.8833,43.05,75,75,24.16
206,Coracao De Jesus,BR,2022-02-02 03:03:02,-16.6853,-44.365,68.79,86,100,3.06
207,Anamur,TR,2022-02-02 03:03:02,36.0751,32.8369,50.02,88,100,11.34
208,Forbes,AU,2022-02-02 03:03:03,-33.3833,148.0167,77.76,34,100,10.13
209,Gelemso,ET,2022-02-02 03:03:03,8.8167,40.5167,57.18,62,100,5.23
210,Maldonado,UY,2022-02-02 03:03:03,-34.6667,-54.9167,64.22,68,0,6.87
211,Kiruna,SE,2022-02-02 03:03:04,67.8557,20.2251,5.92,92,100,2.3
212,Vila Franca Do Campo,PT,2022-02-02 03:03:04,37.7167,-25.4333,57.61,78,87,10.69
213,Port Macquarie,AU,2022-02-02 03:03:04,-31.4333,152.9167,77.9,100,100,6.91
214,Banjarmasin,ID,2022-02-02 03:02:39,-3.3244,114.591,84.34,59,100,0.45
215,Phan Thiet,VN,2022-02-02 03:03:05,10.9333,108.1,85.5,51,79,10.29
216,Fairbanks,US,2022-02-02 03:03:05,64.8378,-147.7164,-10.39,72,0,0.0
217,Touros,BR,2022-02-02 03:03:06,-5.1989,-35.4608,77.9,79,45,8.39
218,Omsukchan,RU,2022-02-02 03:03:06,62.5333,155.8,-5.06,95,97,4.83
219,Anadyr,RU,2022-02-02 03:03:06,64.75,177.4833,21.7,53,2,29.08
220,Kodinsk,RU,2022-02-02 03:03:07,58.6881,99.1844,-4.67,99,73,2.62
221,Tukrah,LY,2022-02-02 03:03:07,32.5341,20.5791,53.85,64,44,20.78
222,Tasiilaq,GL,2022-02-02 03:03:08,65.6145,-37.6368,12.36,70,100,4.61
223,Valparaiso,CL,2022-02-02 03:03:08,-33.0393,-71.6273,66.47,73,0,4.61
224,Lebu,CL,2022-02-02 03:03:08,-37.6167,-73.65,58.15,94,10,9.78
225,Santa Isabel,BR,2022-02-02 03:03:09,-23.3156,-46.2214,73.65,98,98,0.89
226,Kottapalli,IN,2022-02-02 03:03:09,18.4833,79.1,70.16,35,5,2.98
227,Vila Velha,BR,2022-02-02 03:03:07,-20.3297,-40.2925,73.94,95,100,1.01
228,Copperas Cove,US,2022-02-02 03:03:10,31.1241,-97.9031,56.46,90,0,0.0
229,Airai,TL,2022-02-02 03:04:10,-8.9266,125.4092,73.67,55,69,5.93
230,Islamkot,PK,2022-02-02 03:04:10,24.6997,70.177,67.37,66,14,9.71
231,Maues,BR,2022-02-02 03:04:11,-3.3836,-57.7186,73.6,96,40,1.3
232,Lodwar,KE,2022-02-02 03:04:11,3.1191,35.5973,82.87,42,100,9.71
233,Port Moresby,PG,2022-02-02 03:04:11,-9.4431,147.1797,74.62,88,100,11.5
234,Kuching,MY,2022-02-02 03:01:07,1.55,110.3333,82.62,83,20,4.61
235,Dharchula,IN,2022-02-02 03:04:12,29.85,80.5333,52.09,32,0,2.62
236,Ambon,ID,2022-02-02 03:04:12,-3.6954,128.1814,91.54,52,40,9.22
237,Khorinsk,RU,2022-02-02 03:04:13,52.1657,109.7726,-7.89,90,42,1.92
238,Bambous Virieux,MU,2022-02-02 03:02:21,-20.3428,57.7575,81.21,91,100,31.25
239,Gongzhuling,CN,2022-02-02 03:04:13,43.5008,124.8198,11.34,46,1,13.29
240,Yulara,AU,2022-02-02 03:04:13,-25.2406,130.9889,69.64,88,100,16.11
241,Kuito,AO,2022-02-02 03:04:14,-12.3833,16.9333,60.89,65,100,3.74
242,Maragogi,BR,2022-02-02 03:03:15,-9.0122,-35.2225,78.01,81,8,5.19
243,Poum,NC,2022-02-02 03:01:44,-20.2333,164.0167,80.83,73,63,11.86
244,Jalu,LY,2022-02-02 03:04:14,29.0331,21.5482,52.14,41,22,7.92
245,Champerico,GT,2022-02-02 03:04:15,14.3,-91.9167,80.35,69,0,8.19
246,Peniche,PT,2022-02-02 03:04:15,39.3558,-9.3811,52.93,71,0,10.33
247,Acapulco,MX,2022-02-02 03:00:23,16.8634,-99.8901,76.19,73,15,7.56
248,Kokopo,PG,2022-02-02 03:04:16,-4.352,152.2633,83.39,70,100,12.82
249,Rochester,US,2022-02-02 03:01:58,43.1548,-77.6156,37.35,59,100,5.99
250,Ostrovnoy,RU,2022-02-02 03:04:16,68.0531,39.5131,19.58,91,100,11.56
251,Presidencia Roque Saenz Pena,AR,2022-02-02 03:04:17,-26.7852,-60.4388,81.81,25,39,6.64
252,Kerema,PG,2022-02-02 03:04:17,-7.9631,145.7785,79.23,78,100,10.6
253,Luderitz,NA,2022-02-02 03:04:17,-26.6481,15.1594,63.5,92,59,8.16
254,Vagay,RU,2022-02-02 03:04:18,57.9375,69.0217,12.18,94,100,7.05
255,Paamiut,GL,2022-02-02 03:04:18,61.994,-49.6678,1.33,87,100,8.72
256,Elban,RU,2022-02-02 03:04:18,50.1018,136.5094,2.32,90,99,5.48
257,Zhanaozen,KZ,2022-02-02 03:04:19,43.3,52.8,35.11,78,6,8.08
258,Kenai,US,2022-02-02 03:04:19,60.5544,-151.2583,21.15,91,100,25.32
259,Cerfontaine,BE,2022-02-02 03:04:19,50.17,4.4115,47.16,92,75,11.01
260,Inverell,AU,2022-02-02 03:04:20,-29.7833,151.1167,80.67,84,100,5.99
261,Mapiripan,CO,2022-02-02 03:04:20,2.8892,-72.1256,78.12,39,65,4.38
262,Upington,ZA,2022-02-02 03:04:20,-28.4478,21.2561,70.47,87,98,4.45
263,Boca Do Acre,BR,2022-02-02 03:04:21,-8.7522,-67.3978,73.36,98,100,1.39
264,Constitucion,CL,2022-02-02 03:00:28,-35.3333,-72.4167,56.89,93,13,3.96
265,Kita,ML,2022-02-02 03:04:21,13.0349,-9.4895,69.6,15,3,5.97
266,Aswan,EG,2022-02-02 03:04:21,24.0934,32.907,52.9,66,0,5.61
267,Naze,JP,2022-02-02 03:04:22,28.3667,129.4833,55.22,73,100,13.15
268,Katobu,ID,2022-02-02 03:04:22,-4.9408,122.5276,88.83,55,95,4.03
269,Zhumadian,CN,2022-02-02 03:04:23,32.9794,114.0294,39.87,36,100,2.42
270,Tessalit,ML,2022-02-02 03:04:23,20.1986,1.0114,59.45,22,90,9.53
271,Manokwari,ID,2022-02-02 03:04:23,-0.8667,134.0833,82.31,71,100,5.66
272,Bandarbeyla,SO,2022-02-02 03:04:24,9.4942,50.8122,74.75,77,13,15.35
273,Ocara,BR,2022-02-02 03:04:24,-4.4908,-38.5967,72.54,94,65,3.38
274,Tshikapa,CD,2022-02-02 03:04:24,-6.4167,20.8,69.84,97,100,2.64
275,Marion,US,2022-02-02 03:04:25,39.7684,-86.1555,52.21,55,100,11.5
276,Saint-Philippe,RE,2022-02-02 03:05:25,-21.3585,55.7679,81.95,94,100,23.85
277,Paciran,ID,2022-02-02 03:05:25,-6.8767,112.3761,84.49,69,36,4.74
278,Hofn,IS,2022-02-02 03:05:26,64.2539,-15.2082,26.42,69,54,8.23
279,Nisia Floresta,BR,2022-02-02 03:05:26,-6.0911,-35.2086,77.81,84,25,4.74
280,Zverinogolovskoye,RU,2022-02-02 03:05:26,54.4586,64.8542,16.2,84,93,14.16
281,Pitea,SE,2022-02-02 03:05:27,65.3172,21.4794,12.29,94,100,8.23
282,Sola,VU,2022-02-02 03:05:27,-13.8833,167.55,80.37,79,100,12.68
283,Atocha,BO,2022-02-02 03:05:27,-20.9333,-66.2333,44.92,85,43,5.06
284,Peleduy,RU,2022-02-02 03:05:28,59.6289,112.7406,-1.84,94,99,5.3
285,Artyom,AZ,2022-02-02 03:05:28,40.4723,50.333,30.34,80,32,4.72
286,Beloha,MG,2022-02-02 03:05:28,-25.1667,45.05,69.71,87,0,10.25
287,Banjar,ID,2022-02-02 03:04:52,-8.19,114.9675,85.91,61,35,3.65
288,Bugo,PH,2022-02-02 03:05:29,8.5083,124.7594,80.92,80,100,5.41
289,Werda,BW,2022-02-02 03:05:29,-25.2667,23.2833,73.2,63,87,10.78
290,Kutum,SD,2022-02-02 03:05:29,14.2,24.6667,53.78,25,0,6.08
291,Carthage,TN,2022-02-02 03:05:30,36.8611,10.3316,50.47,71,4,17.94
292,Lyuban,BY,2022-02-02 03:05:30,52.7985,28.0048,23.02,95,99,10.36
293,Coahuayana,MX,2022-02-02 03:05:30,18.7333,-103.6833,69.06,70,0,2.1
294,Gawler,AU,2022-02-02 03:05:31,-34.6,138.7333,74.46,39,0,11.41
295,Kinsale,IE,2022-02-02 03:05:31,51.7075,-8.5306,49.23,87,75,5.75
296,Lamar,US,2022-02-02 03:05:31,33.6668,-95.5836,60.37,100,100,4.61
297,Nishihara,JP,2022-02-02 03:05:32,26.1842,127.7558,64.45,91,100,5.75
298,Saryozek,KZ,2022-02-02 03:05:32,44.3583,77.9753,17.6,76,28,4.07
299,Athy,IE,2022-02-02 03:05:32,52.9914,-6.9803,49.39,92,100,15.64
300,Yar-Sale,RU,2022-02-02 03:05:33,66.8333,70.8333,-15.36,99,48,7.58
301,Ibra,OM,2022-02-02 03:05:33,22.6906,58.5334,64.98,33,5,2.77
302,Oussouye,SN,2022-02-02 03:05:33,12.485,-16.5469,74.71,43,2,5.19
303,Tuy Hoa,VN,2022-02-02 03:05:34,13.0833,109.3,76.53,84,68,11.14
304,Nkoteng,CM,2022-02-02 03:05:34,4.5167,12.0333,67.01,95,76,2.98
305,Borgarnes,IS,2022-02-02 03:05:34,64.5383,-21.9206,32.56,88,100,6.26
306,Yeppoon,AU,2022-02-02 03:05:35,-23.1333,150.7333,96.58,59,90,14.07
307,Namibe,AO,2022-02-02 03:05:35,-15.1961,12.1522,71.47,69,100,9.62
308,Prince Albert,CA,2022-02-02 03:05:35,53.2001,-105.7677,-14.69,92,99,7.25
309,Moose Factory,CA,2022-02-02 03:02:19,51.2585,-80.6094,35.58,75,100,19.57
310,Kalabo,ZM,2022-02-02 03:05:36,-14.97,22.6814,63.75,82,99,2.55
311,Katangli,RU,2022-02-02 03:05:36,51.7102,143.2326,7.66,81,100,18.43
312,Chapais,CA,2022-02-02 03:05:36,49.7834,-74.8492,20.98,90,100,18.05
313,Villaviciosa,ES,2022-02-02 03:05:37,43.4813,-5.4357,46.02,87,3,4.21
314,Port Shepstone,ZA,2022-02-02 03:05:37,-30.7414,30.455,75.63,90,88,13.06
315,Lavrentiya,RU,2022-02-02 03:05:38,65.5833,-171.0,-0.69,83,1,14.36
316,Tricase,IT,2022-02-02 03:05:38,39.9304,18.3553,43.32,66,52,25.64
317,Fortuna,US,2022-02-02 03:05:38,40.5982,-124.1573,47.93,81,100,5.01
318,Ust-Ilimsk,RU,2022-02-02 03:05:38,58.0006,102.6619,-0.06,96,100,3.78
319,Wamba,NG,2022-02-02 03:05:39,8.9333,8.6,66.52,22,0,2.93
320,Vestmannaeyjar,IS,2022-02-02 03:05:39,63.4427,-20.2734,37.2,88,100,12.82
321,Port-Gentil,GA,2022-02-02 03:05:39,-0.7193,8.7815,81.12,75,98,10.98
322,Hami,CN,2022-02-02 03:05:40,42.8,93.45,24.67,28,100,0.69
323,Ahipara,NZ,2022-02-02 03:03:27,-35.1667,173.1667,75.99,63,100,14.72
324,Pamplona,ES,2022-02-02 03:06:40,42.8169,-1.6432,44.65,83,100,6.91
325,Labuhan,ID,2022-02-02 03:06:40,-6.8844,112.2051,84.6,69,34,4.68
326,Urambo,TZ,2022-02-02 03:06:41,-5.0667,32.05,63.5,95,100,0.87
327,Henties Bay,NA,2022-02-02 03:03:11,-22.116,14.2845,65.86,84,76,2.1
328,Pijijiapan,MX,2022-02-02 03:06:41,15.7011,-93.23,71.73,85,1,3.11
329,Guerrero Negro,MX,2022-02-02 03:06:42,27.9769,-114.0611,60.28,74,96,11.72
330,Shingu,JP,2022-02-02 03:06:42,33.7333,135.9833,45.91,37,7,8.12
331,Severo-Yeniseyskiy,RU,2022-02-02 03:06:42,60.3725,93.0408,-0.99,98,89,4.65
332,Denpasar,ID,2022-02-02 03:03:38,-8.65,115.2167,85.71,74,20,5.75
333,Mar Del Plata,AR,2022-02-02 03:06:43,-38.0023,-57.5575,70.09,87,0,1.01
334,Porto Walter,BR,2022-02-02 03:05:39,-8.2686,-72.7439,76.05,75,75,0.72
335,Enkoping,SE,2022-02-02 03:06:43,59.6361,17.0777,21.22,76,100,4.9
336,Lazurne,UA,2022-02-02 03:06:43,46.084,32.5295,36.01,84,100,7.29
337,Kamaishi,JP,2022-02-02 03:06:44,39.2667,141.8833,36.93,47,89,12.28
338,Padang,ID,2022-02-02 03:02:12,-0.9492,100.3543,82.45,75,100,2.62
339,Saint Anthony,US,2022-02-02 03:06:44,45.0205,-93.218,7.25,70,0,5.99
340,Havre-Saint-Pierre,CA,2022-02-02 03:06:45,50.2334,-63.5986,9.45,74,100,3.98
341,Komsomolskiy,UZ,2022-02-02 03:06:45,40.4272,71.7189,29.62,80,100,4.61
342,Zlatoust,RU,2022-02-02 03:06:45,55.1711,59.6508,18.59,96,100,3.94
343,Port Lincoln,AU,2022-02-02 03:03:41,-34.7333,135.8667,64.67,52,95,17.09
344,Samana,DO,2022-02-02 03:06:46,19.2056,-69.3369,72.59,89,35,8.21
345,Adwa,ET,2022-02-02 03:06:46,14.1646,38.8955,57.76,78,19,3.29
346,Mariental,NA,2022-02-02 03:06:46,-24.6333,17.9667,72.03,67,91,6.76
347,Amurzet,RU,2022-02-02 03:06:47,47.6967,131.0981,10.36,73,81,11.43
348,Iqaluit,CA,2022-02-02 03:06:47,63.7506,-68.5145,-7.31,69,100,17.0
349,Mawlaik,MM,2022-02-02 03:06:47,23.6333,94.4167,67.35,50,23,2.06
350,Kundiawa,PG,2022-02-02 03:06:48,-6.0167,144.9667,65.68,87,100,3.74
351,Ilulissat,GL,2022-02-02 03:06:48,69.2167,-51.1,3.22,51,100,9.22
352,Lundazi,ZM,2022-02-02 03:06:48,-12.2929,33.1782,62.49,95,45,4.92
353,Port Hardy,CA,2022-02-02 03:06:49,50.6996,-127.4199,39.76,80,78,2.53
354,Prokhorovka,RU,2022-02-02 03:06:49,51.0374,36.7325,22.57,100,100,5.7
355,Zeya,RU,2022-02-02 03:06:49,53.75,127.2667,3.56,54,34,3.13
356,Bayanday,RU,2022-02-02 03:06:50,53.0661,105.5139,-6.07,98,100,0.85
357,Alofi,NU,2022-02-02 03:06:50,-19.0595,-169.9187,78.69,89,75,4.61
358,Havelock,US,2022-02-02 03:04:21,34.8791,-76.9013,41.94,83,54,4.0
359,Taiping,MY,2022-02-02 03:06:50,4.85,100.7333,85.51,67,99,1.9
360,Lerwick,GB,2022-02-02 03:06:51,60.1545,-1.1494,41.0,65,94,18.77
361,Ossora,RU,2022-02-02 03:06:51,59.2353,163.0719,29.01,96,100,14.09
362,Tezu,IN,2022-02-02 03:06:51,27.9167,96.1667,61.81,62,99,1.16
363,Bolu,TR,2022-02-02 03:06:52,40.6667,31.5833,35.15,91,100,7.09
364,Agirish,RU,2022-02-02 03:06:52,61.9247,63.0231,17.2,95,100,7.4
365,Villazon,BO,2022-02-02 03:06:52,-22.0866,-65.5942,47.88,80,64,4.63
366,Lorengau,PG,2022-02-02 03:06:52,-2.0226,147.2712,77.56,86,100,6.71
367,Neuquen,AR,2022-02-02 03:06:53,-38.9516,-68.0591,82.29,32,0,14.97
368,Xining,CN,2022-02-02 03:06:00,36.6167,101.7667,15.57,60,34,2.71
369,Gornopravdinsk,RU,2022-02-02 03:06:53,60.05,69.9,8.73,96,99,5.68
370,Chara,RU,2022-02-02 03:06:54,56.9064,118.2631,-14.15,89,41,1.43
371,Alexandria,EG,2022-02-02 03:06:54,31.2156,29.9553,52.0,65,40,9.57
372,Baykit,RU,2022-02-02 03:06:54,61.67,96.37,-9.11,100,93,0.94
373,Presevo,RS,2022-02-02 03:07:55,42.3092,21.6492,30.6,94,87,6.4
374,Coromandel,BR,2022-02-02 03:07:55,-18.4733,-47.2003,65.88,93,100,1.74
375,Longonjo,AO,2022-02-02 03:07:55,-12.9067,15.2533,58.5,86,89,0.72
376,Krasnogorsk,RU,2022-02-02 03:07:56,55.8225,37.3181,26.65,86,75,13.42
377,Wilmington,US,2022-02-02 03:05:19,34.2257,-77.9447,43.9,83,0,3.44
378,Hanzhong,CN,2022-02-02 03:07:56,33.0728,107.0303,39.16,69,100,3.36
379,Merauke,ID,2022-02-02 03:07:57,-8.4667,140.3333,76.37,85,100,3.42
380,Kristiansund,NO,2022-02-02 03:07:57,63.1115,7.732,33.85,93,100,0.0
381,Pangnirtung,CA,2022-02-02 03:07:57,66.1451,-65.7125,-18.85,81,82,6.42
382,Sorong,ID,2022-02-02 03:07:58,-0.8833,131.25,82.08,71,100,2.46
383,Simpang,ID,2022-02-02 03:05:43,-1.2667,104.0833,81.95,76,51,3.2
384,Marshall,US,2022-02-02 03:05:26,34.3834,-86.3333,56.91,44,0,8.05
385,Borovoy,RU,2022-02-02 03:07:58,55.4333,86.0833,9.68,92,75,4.47
386,Caconda,AO,2022-02-02 03:07:58,-13.7333,15.0667,56.52,74,100,1.12
387,Shubarshi,KZ,2022-02-02 03:07:59,48.5872,57.1869,15.48,91,100,5.3
388,Lancaster,US,2022-02-02 03:06:40,40.2504,-76.2499,32.22,83,0,1.01
389,Bethel,US,2022-02-02 03:07:59,41.3712,-73.414,34.16,74,100,0.0
390,Sarangani,PH,2022-02-02 03:07:59,5.4033,125.4636,81.07,75,100,21.43
391,Oranjestad,AW,2022-02-02 03:08:00,12.524,-70.027,78.75,83,20,17.27
392,Anage,BR,2022-02-02 03:08:00,-14.6122,-41.1356,71.71,85,32,1.72
393,Pisco,PE,2022-02-02 03:07:18,-13.7,-76.2167,69.85,78,40,12.66
394,Klaksvik,FO,2022-02-02 03:08:01,62.2266,-6.589,36.52,72,100,21.07
395,Belyy Yar,RU,2022-02-02 03:08:01,53.6039,91.3903,-18.51,76,20,2.24
396,Bathsheba,BB,2022-02-02 03:07:56,13.2167,-59.5167,77.61,78,40,13.8
397,Posse,BR,2022-02-02 03:08:02,-14.0931,-46.3694,67.98,88,91,3.44
398,Erenhot,CN,2022-02-02 03:08:02,43.6475,111.9767,5.09,78,5,6.55
399,Eureka,US,2022-02-02 03:06:38,40.8021,-124.1637,48.2,81,0,8.01
400,Datong,CN,2022-02-02 03:08:02,40.0936,113.2914,17.82,38,0,2.86
401,Kieta,PG,2022-02-02 03:08:03,-6.2167,155.6333,84.25,72,68,9.91
402,Canoinhas,BR,2022-02-02 03:08:03,-26.1772,-50.39,65.17,99,91,4.36
403,Makinsk,KZ,2022-02-02 03:08:03,52.6292,70.4169,-1.8,97,95,4.12
404,Toora-Khem,RU,2022-02-02 03:08:04,52.4675,96.11,-14.26,99,100,1.61
405,Coihaique,CL,2022-02-02 03:08:04,-45.5752,-72.0662,58.95,51,0,9.22
406,Saint-Pierre,RE,2022-02-02 03:04:50,-21.3393,55.4781,82.04,89,100,33.38
407,Horta,PT,2022-02-02 03:08:04,38.5333,-28.6333,58.28,74,52,13.15
408,Oranjemund,NA,2022-02-02 03:08:05,-28.55,16.4333,65.62,86,81,7.61
409,Kumano,JP,2022-02-02 03:08:05,34.3442,132.5894,48.94,47,66,6.87
410,Longyearbyen,SJ,2022-02-02 03:08:06,78.2186,15.6401,22.84,68,75,2.3
411,Innisfail,AU,2022-02-02 03:08:06,-17.5333,146.0333,86.07,70,100,8.61
412,Tucuman,AR,2022-02-02 03:08:06,-26.8241,-65.2226,80.6,44,0,10.36
413,Taltal,CL,2022-02-02 03:05:14,-25.4,-70.4833,66.27,79,0,1.28
414,Bertoua,CM,2022-02-02 03:08:07,4.5833,13.6833,67.82,35,82,2.89
415,Faya,SA,2022-02-02 03:08:08,18.3851,42.4509,48.72,57,0,4.52
416,East London,ZA,2022-02-02 03:08:08,-33.0153,27.9116,76.73,72,99,4.52
417,Kiama,AU,2022-02-02 03:08:08,-34.6833,150.8667,70.0,77,100,1.99
418,Ulladulla,AU,2022-02-02 03:09:09,-35.35,150.4667,68.88,79,100,7.76
419,Lata,PT,2022-02-02 03:07:20,40.1629,-8.3327,52.81,78,0,4.12
420,Tay Ninh,VN,2022-02-02 03:09:09,11.3,106.1,85.05,54,67,4.32
421,Nanma,CN,2022-02-02 03:09:10,36.1817,118.1583,34.54,24,42,4.25
422,Zaozerne,UA,2022-02-02 03:09:10,45.1582,33.2787,44.94,85,100,13.76
423,Grand Gaube,MU,2022-02-02 03:09:10,-20.0064,57.6608,81.37,80,100,20.0
424,Scarborough,GB,2022-02-02 03:08:00,54.2797,-0.4044,48.52,84,100,1.99
425,Kolondieba,ML,2022-02-02 03:09:11,11.0882,-6.8926,69.12,13,83,5.48
426,Moussoro,TD,2022-02-02 03:09:11,13.6408,16.4901,57.85,16,3,8.88
427,Honiara,SB,2022-02-02 03:09:11,-9.4333,159.95,85.82,68,90,6.29
428,Baghdad,IQ,2022-02-02 03:07:24,33.3406,44.4009,40.91,100,0,6.91
429,Erzin,TR,2022-02-02 03:07:26,36.9559,36.2,45.12,86,81,6.13
430,Riyadh,SA,2022-02-02 03:09:12,24.6877,46.7219,48.34,46,0,10.02
431,Sunland Park,US,2022-02-02 03:09:12,31.7965,-106.58,58.51,26,100,3.0
432,Wanning,CN,2022-02-02 03:09:13,18.8003,110.3967,73.54,82,81,5.46
433,Narsaq,GL,2022-02-02 03:08:25,60.9167,-46.05,12.42,81,14,4.5
434,Sorland,NO,2022-02-02 03:09:13,67.667,12.6934,28.47,59,100,14.83
435,Taraz,KZ,2022-02-02 03:09:13,42.9,71.3667,25.21,86,100,4.47
436,Kavaratti,IN,2022-02-02 03:06:06,10.5669,72.642,80.37,68,6,9.26
437,Kungurtug,RU,2022-02-02 03:06:44,50.5994,97.5228,-7.73,91,67,1.32
438,Dzilam Gonzalez,MX,2022-02-02 03:09:14,21.2833,-88.9333,72.36,72,1,9.31
439,Gao,ML,2022-02-02 03:09:14,16.6362,1.637,63.28,13,99,8.93
440,Dali,CN,2022-02-02 03:09:15,25.7,100.1833,49.37,48,6,5.99
441,Gat,IL,2022-02-02 03:09:15,31.61,34.7642,53.91,100,0,3.44
442,Labytnangi,RU,2022-02-02 03:09:16,66.6572,66.4183,-24.63,100,94,1.66
443,Arica,CL,2022-02-02 03:08:37,-18.475,-70.3042,68.23,68,0,4.61
444,Laguna,US,2022-02-02 03:09:16,38.421,-121.4238,57.49,33,0,5.99
445,Seoul,KR,2022-02-02 03:09:17,37.5683,126.9778,31.39,26,27,9.15
446,Pangkalanbuun,ID,2022-02-02 03:09:17,-2.6833,111.6167,88.05,62,86,1.54
447,Ishigaki,JP,2022-02-02 03:09:18,24.3448,124.1572,70.75,73,85,17.63
448,Bizhbulyak,RU,2022-02-02 03:09:18,53.6967,54.2642,20.95,93,74,14.07
449,Olafsvik,IS,2022-02-02 03:06:08,64.8945,-23.7142,35.6,64,100,18.16
450,Lincoln,US,2022-02-02 03:09:18,40.8,-96.667,26.17,45,100,4.0
451,Gogrial,SS,2022-02-02 03:09:19,8.5332,28.1004,68.72,26,41,5.53
452,Sechura,PE,2022-02-02 03:09:19,-5.5569,-80.8222,71.94,74,7,11.65
453,Altus,US,2022-02-02 03:05:13,34.6381,-99.334,49.51,70,0,3.0
454,Harstad,NO,2022-02-02 03:09:20,68.799,16.5293,24.03,100,81,7.85
455,Noormarkku,FI,2022-02-02 03:09:20,61.5927,21.8685,6.58,85,100,3.44
456,Killybegs,IE,2022-02-02 03:09:20,54.6333,-8.45,49.44,93,100,21.32
457,Storslett,NO,2022-02-02 03:09:21,69.7678,21.0247,14.36,73,82,14.38
458,Kaeo,NZ,2022-02-02 03:09:21,-35.1,173.7833,76.32,80,100,11.34
459,Montgomery,US,2022-02-02 03:05:40,39.1501,-77.1997,33.33,79,0,1.01
460,Terralba,IT,2022-02-02 03:09:22,39.7192,8.6392,48.02,85,33,9.75
461,South Lake Tahoe,US,2022-02-02 03:07:29,38.9332,-119.9844,26.04,42,0,0.0
462,Vakhrushev,RU,2022-02-02 03:09:22,48.9833,142.9667,17.19,75,24,5.75
463,Bail Hongal,IN,2022-02-02 03:09:23,15.8167,74.8667,71.24,27,6,2.15
464,Chenzhou,CN,2022-02-02 03:10:23,25.8,113.0333,38.62,97,100,5.82
465,Kindersley,CA,2022-02-02 03:10:23,51.4668,-109.1682,-8.63,93,47,12.44
466,Mahibadhoo,MV,2022-02-02 03:10:24,3.7833,72.9667,82.31,75,2,13.76
467,Oktyabrskiy,RU,2022-02-02 03:10:24,54.4815,53.471,25.65,90,95,13.71
468,Sokolo,ML,2022-02-02 03:10:25,14.7328,-6.1219,69.58,11,51,10.36
469,Zhangye,CN,2022-02-02 03:10:25,38.9342,100.4517,28.51,23,30,4.29
470,Pouembout,NC,2022-02-02 03:10:26,-21.1333,164.9,88.02,51,71,10.36
471,Panlaitan,PH,2022-02-02 03:10:26,12.1191,119.8486,83.01,69,100,9.93
472,Carutapera,BR,2022-02-02 03:10:27,-1.195,-46.02,76.64,91,70,7.38
473,Katsuura,JP,2022-02-02 03:07:03,35.1333,140.3,50.14,36,0,12.82
474,Hailun,CN,2022-02-02 03:10:27,47.45,126.9333,3.45,91,98,4.52
475,Wanaka,NZ,2022-02-02 03:10:27,-44.7,169.15,70.11,81,98,5.99
476,Katherine,AU,2022-02-02 03:10:28,-14.4667,132.2667,88.12,62,30,21.85
477,Konin,PL,2022-02-02 03:10:28,52.2234,18.2512,35.02,96,100,20.22
478,Corning,US,2022-02-02 03:10:28,42.1428,-77.0547,32.36,72,0,8.05
479,Buraydah,SA,2022-02-02 03:10:29,26.326,43.975,46.44,54,0,7.94
480,Pushchino,RU,2022-02-02 03:10:29,54.8339,37.6264,24.55,94,100,10.51
481,Zima,RU,2022-02-02 03:10:29,53.9202,102.0442,0.41,93,98,1.41
482,Dunedin,NZ,2022-02-02 03:10:30,-45.8742,170.5036,74.8,64,72,11.01
483,Ingham,US,2022-02-02 03:10:30,42.6,-84.3833,42.98,93,100,5.75
484,Half Moon Bay,US,2022-02-02 03:10:30,37.4636,-122.4286,59.07,40,0,7.0
485,Richards Bay,ZA,2022-02-02 03:10:31,-28.783,32.0377,75.2,82,91,11.27
486,Juneau,US,2022-02-02 03:10:31,58.3019,-134.4197,24.8,77,100,4.61
487,Kysyl-Syr,RU,2022-02-02 03:10:31,63.8986,122.7617,-20.69,96,99,7.09
488,Pauini,BR,2022-02-02 03:10:32,-7.7136,-66.9764,72.93,98,100,1.05
489,Dawei,MM,2022-02-02 03:10:32,14.0833,98.2,82.58,55,23,3.38
490,Sundumbili,ZA,2022-02-02 03:10:32,-29.1337,31.3975,71.65,93,41,6.96
491,High Level,CA,2022-02-02 03:08:37,58.5169,-117.136,-29.0,100,19,1.66
492,Qostanay,KZ,2022-02-02 03:10:33,53.1667,63.5833,16.09,92,40,15.66
493,Arkansas City,US,2022-02-02 03:10:33,37.062,-97.0384,38.82,86,100,21.85
494,Tautira,PF,2022-02-02 03:10:33,-17.7333,-149.15,87.82,76,21,18.54
495,Manzhouli,CN,2022-02-02 03:10:34,49.6,117.4333,-4.13,83,16,6.26
496,Monte Carmelo,BR,2022-02-02 03:10:34,-18.7247,-47.4986,67.08,92,100,3.0
497,Azuaga,ES,2022-02-02 03:10:34,38.2667,-5.6833,43.97,64,0,4.61
498,Brus Laguna,HN,2022-02-02 03:10:35,15.75,-84.4833,70.3,96,1,3.24
499,Brae,GB,2022-02-02 03:10:35,60.3964,-1.353,40.91,64,99,19.01
500,Los Llanos De Aridane,ES,2022-02-02 03:10:35,28.6585,-17.9182,69.12,65,0,5.01
501,Te Anau,NZ,2022-02-02 03:10:36,-45.4167,167.7167,66.25,98,100,4.47
502,Ofaqim,IL,2022-02-02 03:10:36,31.3141,34.6203,50.7,66,0,8.5
503,Rio Grande,BR,2022-02-02 03:07:44,-32.035,-52.0986,66.94,68,0,10.4
504,Ust-Maya,RU,2022-02-02 03:10:37,60.4167,134.5333,-12.53,88,100,3.11
505,Santa Maria Del Oro,MX,2022-02-02 03:10:37,25.9333,-105.3667,53.06,24,1,6.29
506,Cochrane,CA,2022-02-02 03:07:34,51.1834,-114.4687,-1.39,64,100,9.13
507,Tucuma,BR,2022-02-02 03:10:37,-0.1833,-50.05,75.11,94,94,4.72
508,Pochutla,MX,2022-02-02 03:11:38,15.7432,-96.4661,77.83,78,1,4.21
509,Adrar,MR,2022-02-02 03:08:41,20.5022,-10.0711,67.19,20,62,11.21
510,Pangai,TO,2022-02-02 03:11:38,-19.8,-174.35,81.05,66,8,8.12
511,Puerto Narino,CO,2022-02-02 03:11:38,-3.7703,-70.3831,76.95,81,82,2.42
512,Isangel,VU,2022-02-02 03:07:47,-19.55,169.2667,82.87,75,76,4.9
513,Mkuranga,TZ,2022-02-02 03:09:15,-7.118,39.2078,72.36,97,90,3.27
514,Umea,SE,2022-02-02 03:11:39,63.8284,20.2597,6.73,92,75,4.61
515,Ca Mau,VN,2022-02-02 03:08:50,9.1769,105.15,87.73,53,43,14.05
516,Comodoro Rivadavia,AR,2022-02-02 03:08:04,-45.8667,-67.5,62.46,72,0,12.66
517,San Carlos De Bariloche,AR,2022-02-02 03:11:39,-41.1456,-71.3082,60.55,63,20,14.97
518,Srandakan,ID,2022-02-02 03:11:40,-7.9386,110.2506,87.1,60,12,3.29
519,Cabedelo,BR,2022-02-02 03:11:40,-6.9811,-34.8339,75.87,77,16,9.01
520,Linjiang,CN,2022-02-02 03:11:40,41.8069,126.9078,16.54,62,44,5.32
521,Liwale,TZ,2022-02-02 03:09:16,-9.7667,37.9333,67.14,98,62,0.16
522,Uzhhorod,UA,2022-02-02 03:11:41,48.6167,22.3,33.19,98,100,10.29
523,Kruisfontein,ZA,2022-02-02 03:06:57,-34.0033,24.7314,70.88,70,100,2.21
524,San Cristobal,VE,2022-02-02 03:08:38,7.7669,-72.225,68.18,61,99,1.7
525,Staryy Nadym,RU,2022-02-02 03:11:41,65.6118,72.6842,-15.65,100,75,7.74
526,North Platte,US,2022-02-02 03:11:42,41.1239,-100.7654,22.98,39,20,13.8
527,Ziyang,CN,2022-02-02 03:11:42,29.2497,117.8547,38.34,97,100,2.46
528,Yuma,US,2022-02-02 03:10:39,32.7253,-114.6244,65.17,23,0,9.22
529,Pskov,RU,2022-02-02 03:11:42,57.8136,28.3496,15.71,92,75,0.0
530,Dwarka,IN,2022-02-02 03:11:43,22.2394,68.9678,71.65,75,0,8.55
531,Lake Havasu City,US,2022-02-02 03:11:43,34.4839,-114.3224,57.06,18,100,7.0
532,Chabahar,IR,2022-02-02 03:11:43,25.2919,60.643,71.96,66,0,16.49
533,Moissala,TD,2022-02-02 03:09:09,8.3404,17.7663,66.56,21,3,4.85
534,Pirenopolis,BR,2022-02-02 03:11:44,-15.8525,-48.9592,67.37,94,91,1.41
535,Jiwani,PK,2022-02-02 03:11:44,25.05,61.7417,72.37,76,0,14.0
536,Villarrica,PY,2022-02-02 03:11:44,-25.75,-56.4333,78.6,32,0,4.52
537,Auki,SB,2022-02-02 03:11:45,-8.7676,160.7034,83.1,81,46,7.99
538,Praia,CV,2022-02-02 03:11:45,14.9215,-23.5087,77.54,53,20,9.22
539,Namatanai,PG,2022-02-02 03:11:45,-3.6667,152.4333,83.26,69,94,7.47
540,Agadez,NE,2022-02-02 03:11:46,19.75,10.25,53.26,23,0,6.62
541,Stanari,BA,2022-02-02 03:11:09,44.7472,17.8294,29.08,84,73,3.94
542,Isiolo,KE,2022-02-02 03:11:46,0.3546,37.5822,68.72,65,100,3.15
543,Okato,NZ,2022-02-02 03:11:47,-39.2,173.8833,76.91,69,100,14.83
544,Marquette,US,2022-02-02 03:11:47,46.5333,-87.6335,18.84,81,94,13.76
545,Bairiki,KI,2022-02-02 03:11:47,1.3292,172.9752,86.0,74,40,3.44
546,Poso,ID,2022-02-02 03:11:48,-1.3959,120.7524,85.41,57,99,2.91
547,Lakes Entrance,AU,2022-02-02 03:11:48,-37.8811,147.981,66.16,52,70,15.68
548,Hervey Bay,AU,2022-02-02 03:11:48,-25.2986,152.8535,88.03,76,83,15.5
549,Urucui,BR,2022-02-02 03:11:49,-7.2294,-44.5561,76.12,75,5,1.41
550,Abha,SA,2022-02-02 03:11:49,18.2164,42.5053,48.45,71,0,0.0
551,Libreville,GA,2022-02-02 03:11:49,0.3925,9.4537,79.99,80,100,7.63
552,Destin,US,2022-02-02 03:11:50,30.3935,-86.4958,61.12,63,0,10.36
553,Sept-Iles,CA,2022-02-02 03:11:50,50.2001,-66.3821,3.06,72,100,3.0
554,Kyzyl-Suu,KG,2022-02-02 03:12:50,42.3414,78.0056,17.47,57,2,8.93
555,Nouadhibou,MR,2022-02-02 03:12:51,20.931,-17.0347,71.22,48,96,12.73
556,Grindavik,IS,2022-02-02 03:12:51,63.8424,-22.4338,32.47,100,100,18.41
557,Sumbe,AO,2022-02-02 03:12:51,-11.2061,13.8437,73.67,82,100,4.9
558,Puerto Suarez,BO,2022-02-02 03:12:52,-18.95,-57.8,73.02,98,100,3.38
559,San Lorenzo,PY,2022-02-02 03:12:52,-25.3333,-57.5333,79.74,47,0,6.91
560,Leningradskiy,RU,2022-02-02 03:12:02,69.3833,178.4167,-10.68,94,35,11.01
561,Formosa Do Rio Preto,BR,2022-02-02 03:12:52,-11.0483,-45.1931,70.75,90,59,1.7
562,Luciu,RO,2022-02-02 03:12:53,44.9667,27.0833,33.26,91,100,2.44
563,Koulikoro,ML,2022-02-02 03:12:53,14.0,-7.75,64.98,13,2,9.06
564,Waverly,US,2022-02-02 03:08:08,42.7392,-84.6208,42.73,90,100,9.22
565,Sioux Lookout,CA,2022-02-02 03:12:54,50.1001,-91.917,-0.02,93,100,13.42
566,Hambantota,LK,2022-02-02 03:12:54,6.1241,81.1185,76.86,70,54,11.74
567,Aykhal,RU,2022-02-02 03:12:11,66.0,111.5,-18.99,100,12,2.53
568,Camacha,PT,2022-02-02 03:12:54,33.0833,-16.3333,62.53,77,20,16.11
569,Prince George,CA,2022-02-02 03:11:12,53.9166,-122.753,-9.58,100,19,1.07
570,Bagdarin,RU,2022-02-02 03:12:55,54.4333,113.6,-4.83,80,14,2.93
